<?xml version="1.0"?>
<root>
	<metric name="metric_CPU operating frequency (in GHz)">
        <event alias="a">CPU_CLK_UNHALTED.THREAD</event>
		<event alias="b">CPU_CLK_UNHALTED.REF_TSC</event>
		<constant alias="c">system.tsc_freq</constant>      
		<formula>(a/b*c)/1000000000</formula>
	</metric>

	<metric name="metric_CPU utilization %">
		<event alias="a">CPU_CLK_UNHALTED.REF_TSC</event>
		<event alias="b">TSC</event>
		<formula>100*a/b</formula>
	</metric>

	<metric name="metric_CPU utilization% in kernel mode">
		<event alias="a">CPU_CLK_UNHALTED.REF_TSC:SUP</event>
		<event alias="b">TSC</event>
		<formula>100*a/b</formula>
	</metric>

    <metric name="metric_CPI">
        <throughput-metric-name>metric_cycles per txn</throughput-metric-name>
        <event alias="a">CPU_CLK_UNHALTED.THREAD</event>
        <event alias="b">INST_RETIRED.ANY</event>
        <formula>a/b</formula>
    </metric>

    <metric name="metric_kernel_CPI">
        <event alias="a">CPU_CLK_UNHALTED.THREAD:SUP</event>
        <event alias="b">INST_RETIRED.ANY:SUP</event>
        <formula>a/b</formula>
    </metric>

    <metric name="metric_% cycles uops retired">
        <event alias="a">UOPS_RETIRED.ALL:c1</event>
        <event alias="b">CPU_CLK_UNHALTED.THREAD</event>
        <formula>100*a/b</formula>
    </metric>
	
	<metric name="metric_branch mispredict ratio">
		<event alias="a">BR_MISP_RETIRED.ALL_BRANCHES</event>
		<event alias="b">BR_INST_RETIRED.ALL_BRANCHES</event>
		<formula>a/b</formula>
	</metric>

	<metric name="metric_loads per instr">
        <throughput-metric-name>metric_loads per txn</throughput-metric-name>
		<event alias="a">MEM_UOPS_RETIRED.ALL_LOADS</event>
		<event alias="b">INST_RETIRED.ANY</event>
		<formula>a/b</formula>
	</metric>

	<metric name="metric_stores per instr">
        <throughput-metric-name>metric_stores per txn</throughput-metric-name>
		<event alias="a">MEM_UOPS_RETIRED.ALL_STORES</event>
		<event alias="b">INST_RETIRED.ANY</event>
		<formula>a/b</formula>
	</metric>	

	<metric name="metric_locks retired per instr">
        <throughput-metric-name>metric_locks retired per txn</throughput-metric-name>
		<event alias="a">MEM_UOPS_RETIRED.LOCK_LOADS</event>
		<event alias="b">INST_RETIRED.ANY</event>
		<formula>a/b</formula>
	</metric>	

	<metric name="metric_uncacheable reads per instr">
        <throughput-metric-name>metric_uncacheable reads per txn</throughput-metric-name>
		<event alias="a">UNC_C_TOR_INSERTS.MISS_OPCODE:opc=0x187</event>
		<event alias="b">UNC_C_TOR_INSERTS.MISS_OPCODE:opc=0x187:tid=0x3e</event>
		<event alias="c">INST_RETIRED.ANY</event>
		<formula>(a-b)/c</formula>
	</metric>	

	<metric name="metric_streaming stores (full line) per instr">
        <throughput-metric-name>metric_streaming stores (full line) per txn</throughput-metric-name>
		<event alias="a">UNC_C_TOR_INSERTS.OPCODE:opc=0x18c</event>
		<event alias="b">INST_RETIRED.ANY</event>
		<formula>a/b</formula>
	</metric>	

	<metric name="metric_streaming stores (partial line) per instr">
        <throughput-metric-name>metric_streaming stores (partial line) per txn</throughput-metric-name>
		<event alias="a">UNC_C_TOR_INSERTS.OPCODE:opc=0x18d</event>
		<event alias="b">INST_RETIRED.ANY</event>
		<formula>a/b</formula>
	</metric>	


	<metric name="metric_L1D MPI (includes data+rfo w/ prefetches)">
        <throughput-metric-name>metric_L1D misses per txn (includes data+rfo w/ prefetches)</throughput-metric-name>
		<event alias="a">L1D.REPLACEMENT</event>
		<event alias="b">INST_RETIRED.ANY</event>
		<formula>a/b</formula>
	</metric>

	<metric name="metric_L1D demand data read hits per instr">
        <throughput-metric-name>metric_L1D demand data read hits per txn</throughput-metric-name>
		<event alias="a">MEM_LOAD_UOPS_RETIRED.L1_HIT</event>
		<event alias="b">INST_RETIRED.ANY</event>
		<formula>a/b</formula>
	</metric>

	<metric name="metric_L1-I code read misses (w/ prefetches) per instr">
        <throughput-metric-name>metric_L1I code read misses (includes prefetches) per txn</throughput-metric-name>
		<event alias="a">L2_RQSTS.ALL_CODE_RD</event>
		<event alias="b">INST_RETIRED.ANY</event>
		<formula>a/b</formula>
	</metric>

	<metric name="metric_L2 demand data read hits per instr">
        <throughput-metric-name>metric_L2 demand data read hits per txn</throughput-metric-name>
		<event alias="a">MEM_LOAD_UOPS_RETIRED.L2_HIT</event>
		<event alias="b">INST_RETIRED.ANY</event>
		<formula>a/b</formula>
	</metric>

	<metric name="metric_L2 MPI (includes code+data+rfo w/ prefetches)">
        <throughput-metric-name>metric_L2 misses per txn (includes code+data+rfo w/ prefetches)</throughput-metric-name>
		<event alias="a">L2_LINES_IN.ALL</event>
		<event alias="b">INST_RETIRED.ANY</event>
		<formula>a/b</formula>
	</metric>
	
 	<metric name="metric_L2 demand data read MPI">
        <throughput-metric-name>metric_L2 demand data read misses per txn</throughput-metric-name>
		<event alias="a">MEM_LOAD_UOPS_RETIRED.L2_MISS</event>
		<event alias="b">INST_RETIRED.ANY</event>
		<formula>a/b</formula>
	</metric>
	
	<metric name="metric_L2 demand code MPI">
        <throughput-metric-name>metric_L2 demand code misses per txn</throughput-metric-name>
		<event alias="a">L2_RQSTS.CODE_RD_MISS</event>
		<event alias="b">INST_RETIRED.ANY</event>
		<formula>a/b</formula>
	</metric>
	
	<metric name="metric_L2 demand+L2 prefetch code MPI">
        <throughput-metric-name>metric_L2 demand+L2 prefetch code misses per txn</throughput-metric-name>
		<event alias="a">UNC_C_TOR_INSERTS.OPCODE:opc=0x181</event>
		<event alias="b">INST_RETIRED.ANY</event>
		<formula>a/b</formula>
	</metric>
	
	<metric name="metric_L2 Any local request that HITM in a sibling core (per instr)">
        <throughput-metric-name>metric_L2 Any local request that HITM in a sibling core per txn</throughput-metric-name>
		<event alias="a">OFFCORE_RESPONSE:request=ALL_READS:response=LLC_HIT.HITM_OTHER_CORE</event>
		<event alias="b">INST_RETIRED.ANY</event>
		<formula>a/b</formula>
	</metric>

	<metric name="metric_L2 Any local request that HIT in a sibling core and not forwarded(per instr)">
        <throughput-metric-name>metric_L2 Any local request that HIT in a sibling core and not forwarded per txn</throughput-metric-name>
		<event alias="a">OFFCORE_RESPONSE:request=ALL_READS:response=LLC_HIT.HIT_OTHER_CORE_NO_FWD</event>
		<event alias="b">INST_RETIRED.ANY</event>
		<formula>a/b</formula>
	</metric>

	<metric name="metric_L2 read miss latency (in core clocks) - valid only when SMT off">
		<event alias="a">OFFCORE_REQUESTS_OUTSTANDING.DEMAND_DATA_RD</event>
		<event alias="b">OFFCORE_REQUESTS.DEMAND_DATA_RD</event>
		<formula>a/b</formula>
	</metric>
	
	<metric name="metric_LLC MPI (includes code+data+rfo w/ prefetches)">
        <throughput-metric-name>metric_LLC misses per txn (includes code+data+rfo w/ prefetches)</throughput-metric-name>
		<event alias="a">OFFCORE_RESPONSE:request=ALL_READS:response=LLC_MISS.ANY_RESPONSE</event>
		<event alias="b">UNC_C_TOR_INSERTS.MISS_OPCODE:opc=0x190</event>
		<event alias="c">UNC_C_TOR_INSERTS.MISS_OPCODE:opc=0x191</event>
		<event alias="d">UNC_C_TOR_INSERTS.MISS_OPCODE:opc=0x192</event>
		<event alias="e">INST_RETIRED.ANY</event>
		<formula>(a+b+c+d)/e</formula>
	</metric>

	<metric name="metric_LLC data read MPI (excludes LLC prefetches)">
        <throughput-metric-name>metric_LLC data read misses per txn (excludes LLC prefetches)</throughput-metric-name>
		<event alias="a">OFFCORE_RESPONSE:request=ALL_DATA_RD:response=LLC_MISS.ANY_RESPONSE</event>
		<event alias="b">INST_RETIRED.ANY</event>
		<formula>a/b</formula>
	</metric>

	<metric name="metric_LLC code read MPI (excludes LLC prefetches)">
        <throughput-metric-name>metric_LLC code read misses per txn (excludes LLC prefetches)</throughput-metric-name>
		<event alias="a">OFFCORE_RESPONSE:request=ALL_CODE_RD:response=LLC_MISS.ANY_RESPONSE</event>
		<event alias="b">INST_RETIRED.ANY</event>
		<formula>a/b</formula>
	</metric>

	<metric name="metric_LLC RFO MPI (excludes LLC prefetches)">
        <throughput-metric-name>metric_LLC RFO misses per txn (excludes LLC prefetches)</throughput-metric-name>
		<event alias="a">OFFCORE_RESPONSE:request=ALL_RFO:response=LLC_MISS.ANY_RESPONSE</event>
		<event alias="b">INST_RETIRED.ANY</event>
		<formula>a/b</formula>
	</metric>

	<metric name="metric_LLC LLC prefetch data read MPI">
        <throughput-metric-name>metric_LLC LLC data prefetch read misses per txn</throughput-metric-name>
		<event alias="a">UNC_C_TOR_INSERTS.MISS_OPCODE:opc=0x192</event>
		<event alias="b">INST_RETIRED.ANY</event>
		<formula>a/b</formula>
	</metric>

	<metric name="metric_LLC LLC prefetch RFO read MPI">
        <throughput-metric-name>metric_LLC LLC RFO prefetch read misses per txn</throughput-metric-name>
		<event alias="a">UNC_C_TOR_INSERTS.MISS_OPCODE:opc=0x190</event>
		<event alias="b">INST_RETIRED.ANY</event>
		<formula>a/b</formula>
	</metric>

	<metric name="metric_LLC LLC prefetch code read MPI">
        <throughput-metric-name>metric_LLC LLC code prefetch read misses per txn</throughput-metric-name>
		<event alias="a">UNC_C_TOR_INSERTS.MISS_OPCODE:opc=0x191</event>
		<event alias="b">INST_RETIRED.ANY</event>
		<formula>a/b</formula>
	</metric>

	<metric name="metric_LLC total HITM (per instr) (excludes LLC prefetches)">
        <throughput-metric-name>metric_LLC total HITM per txn (excludes LLC prefetches)</throughput-metric-name>
		<event alias="a">OFFCORE_RESPONSE:request=ALL_READS:response=LLC_MISS.REMOTE_HITM</event>
		<event alias="b">INST_RETIRED.ANY</event>
		<formula>a/b</formula>
	</metric>

	<metric name="metric_LLC total HIT clean line forwards (per instr) (excludes LLC prefetches)">
        <throughput-metric-name>metric_LLC total HIT clean line forwards per txn (excludes LLC prefetches)</throughput-metric-name>
		<event alias="a">OFFCORE_RESPONSE:request=ALL_READS:response=LLC_MISS.REMOTE_HIT_FORWARD</event>
		<event alias="b">INST_RETIRED.ANY</event>
		<formula>a/b</formula>
	</metric>

    <metric name="metric_LLC writebacks per instr">
        <throughput-metric-name>metric_LLC writebacks per txn</throughput-metric-name>
        <event alias="a">UNC_C_LLC_VICTIMS.M_STATE</event>
		<event alias="b">INST_RETIRED.ANY</event>
		<formula>a/b</formula>
    </metric>

    <metric name="metric_Average LLC data read (demand+prefetch) miss latency (in ns)">
        <event alias="a">UNC_C_TOR_OCCUPANCY.MISS_OPCODE:opc=0x182</event>
        <event alias="b">UNC_C_TOR_INSERTS.MISS_OPCODE:opc=0x182</event>
        <event alias="c">UNC_C_CLOCKTICKS</event>
       <constant alias="d">system.sockets[0].cores.count</constant>
        <constant alias="e">system.sockets.count</constant>
         <formula>1000000000*(a/b)/(c/(d*e))</formula>
    </metric>

    <metric name="metric_Average LLC data read (demand+prefetch) miss latency (in UNCORE clk)">
        <event alias="a">UNC_C_TOR_OCCUPANCY.MISS_OPCODE:opc=0x182</event>
        <event alias="b">UNC_C_TOR_INSERTS.MISS_OPCODE:opc=0x182</event>
        <formula>a/b</formula>
    </metric>
 
	<metric name="metric_ITLB MPI">
        <throughput-metric-name>metric_ITLB misses per txn</throughput-metric-name>
		<event alias="a">ITLB_MISSES.WALK_COMPLETED</event>
		<event alias="b">INST_RETIRED.ANY</event>
		<formula>a/b</formula>
	</metric>

	<metric name="metric_ITLB large page MPI">
        <throughput-metric-name>metric_ITLB large page misses per txn</throughput-metric-name>
		<event alias="a">ITLB_MISSES.WALK_COMPLETED_2M_4M</event>
		<event alias="b">INST_RETIRED.ANY</event>
		<formula>a/b</formula>
	</metric>

	<metric name="metric_DTLB load MPI">
        <throughput-metric-name>metric_DTLB load misses per txn</throughput-metric-name>
		<event alias="a">DTLB_LOAD_MISSES.WALK_COMPLETED</event>
		<event alias="b">INST_RETIRED.ANY</event>
		<formula>a/b</formula>
	</metric>

	<metric name="metric_DTLB large page load MPI">
        <throughput-metric-name>metric_DTLB large page load misses per txn</throughput-metric-name>
		<event alias="a">DTLB_LOAD_MISSES.WALK_COMPLETED_2M_4M</event>
		<event alias="b">INST_RETIRED.ANY</event>
		<formula>a/b</formula>
	</metric>

	<metric name="metric_DTLB store MPI">
        <throughput-metric-name>metric_DTLB store misses per txn</throughput-metric-name>
		<event alias="a">DTLB_STORE_MISSES.WALK_COMPLETED</event>
		<event alias="b">INST_RETIRED.ANY</event>
		<formula>a/b</formula>
	</metric>

	<metric name="metric_DTLB load miss latency (in core clks)">
		<event alias="a">DTLB_LOAD_MISSES.WALK_DURATION</event>
		<event alias="b">DTLB_LOAD_MISSES.WALK_COMPLETED</event>
		<formula>a/b</formula>
	</metric>

	<metric name="metric_DTLB store miss latency (in core clks)">
		<event alias="a">DTLB_STORE_MISSES.WALK_DURATION</event>
		<event alias="b">DTLB_STORE_MISSES.WALK_COMPLETED</event>
		<formula>a/b</formula>
	</metric>

	<metric name="metric_ITLB miss latency (in core clks)">
		<event alias="a">ITLB_MISSES.WALK_DURATION</event>
		<event alias="b">ITLB_MISSES.WALK_COMPLETED</event>
		<formula>a/b</formula>
	</metric>

	<metric name="metric_% of DTLB page walks that hit in L1">
		<event alias="a">PAGE_WALKER_LOADS.DTLB_L1</event>
		<event alias="b">PAGE_WALKER_LOADS.DTLB_L2</event>
		<event alias="c">PAGE_WALKER_LOADS.DTLB_L3</event>
		<event alias="d">PAGE_WALKER_LOADS.DTLB_MEMORY</event>
		<formula>100*a/(a+b+c+d)</formula>
	</metric>
	
	<metric name="metric_% of DTLB page walks that hit in L2">
		<event alias="a">PAGE_WALKER_LOADS.DTLB_L1</event>
		<event alias="b">PAGE_WALKER_LOADS.DTLB_L2</event>
		<event alias="c">PAGE_WALKER_LOADS.DTLB_L3</event>
		<event alias="d">PAGE_WALKER_LOADS.DTLB_MEMORY</event>
		<formula>100*b/(a+b+c+d)</formula>
	</metric>
	
	<metric name="metric_% of DTLB page walks that hit in L3">
		<event alias="a">PAGE_WALKER_LOADS.DTLB_L1</event>
		<event alias="b">PAGE_WALKER_LOADS.DTLB_L2</event>
		<event alias="c">PAGE_WALKER_LOADS.DTLB_L3</event>
		<event alias="d">PAGE_WALKER_LOADS.DTLB_MEMORY</event>
		<formula>100*c/(a+b+c+d)</formula>
	</metric>
	
	<metric name="metric_% of DTLB page walks that hit in memory">
		<event alias="a">PAGE_WALKER_LOADS.DTLB_L1</event>
		<event alias="b">PAGE_WALKER_LOADS.DTLB_L2</event>
		<event alias="c">PAGE_WALKER_LOADS.DTLB_L3</event>
		<event alias="d">PAGE_WALKER_LOADS.DTLB_MEMORY</event>
		<formula>100*d/(a+b+c+d)</formula>
	</metric>
	
	<metric name="metric_% of ITLB page walks that hit in L1">
		<event alias="a">PAGE_WALKER_LOADS.ITLB_L1</event>
		<event alias="b">PAGE_WALKER_LOADS.ITLB_L2</event>
		<event alias="c">PAGE_WALKER_LOADS.ITLB_L3</event>
		<event alias="d">PAGE_WALKER_LOADS.ITLB_MEMORY</event>
		<formula>100*a/(a+b+c+d)</formula>
	</metric>
	
	<metric name="metric_% of ITLB page walks that hit in L2">
		<event alias="a">PAGE_WALKER_LOADS.ITLB_L1</event>
		<event alias="b">PAGE_WALKER_LOADS.ITLB_L2</event>
		<event alias="c">PAGE_WALKER_LOADS.ITLB_L3</event>
		<event alias="d">PAGE_WALKER_LOADS.ITLB_MEMORY</event>
		<formula>100*b/(a+b+c+d)</formula>
	</metric>
	
	<metric name="metric_% of ITLB page walks that hit in L3">
		<event alias="a">PAGE_WALKER_LOADS.ITLB_L1</event>
		<event alias="b">PAGE_WALKER_LOADS.ITLB_L2</event>
		<event alias="c">PAGE_WALKER_LOADS.ITLB_L3</event>
		<event alias="d">PAGE_WALKER_LOADS.ITLB_MEMORY</event>
		<formula>100*c/(a+b+c+d)</formula>
	</metric>
	
	<metric name="metric_% of ITLB page walks that hit in memory">
		<event alias="a">PAGE_WALKER_LOADS.ITLB_L1</event>
		<event alias="b">PAGE_WALKER_LOADS.ITLB_L2</event>
		<event alias="c">PAGE_WALKER_LOADS.ITLB_L3</event>
		<event alias="d">PAGE_WALKER_LOADS.ITLB_MEMORY</event>
		<formula>100*d/(a+b+c+d)</formula>
	</metric>
	
	<metric name="metric_NUMA %_Reads satisfied by local DRAM (LLC prefetches excluded)">
		<event alias="a">OFFCORE_RESPONSE:request=ALL_READS:response=LLC_MISS.LOCAL_DRAM</event>
		<event alias="b">OFFCORE_RESPONSE:request=ALL_READS:response=LLC_MISS.ANY_RESPONSE</event>
		<formula>100*(a/b)</formula>
	</metric>

	<metric name="metric_NUMA %_Reads satisfied by remote DRAM (LLC prefetches excluded)">
		<event alias="a">OFFCORE_RESPONSE:request=ALL_READS:response=LLC_MISS.LOCAL_DRAM</event>
		<event alias="b">OFFCORE_RESPONSE:request=ALL_READS:response=LLC_MISS.REMOTE_HITM</event>
		<event alias="c">OFFCORE_RESPONSE:request=ALL_READS:response=LLC_MISS.REMOTE_HIT_FORWARD</event>
		<event alias="d">OFFCORE_RESPONSE:request=ALL_READS:response=LLC_MISS.ANY_RESPONSE</event>
		<formula>100*(d-a-b-c)/d</formula>
	</metric>

	<metric name="metric_NUMA %_Reads satisfied by remote caches (Hitm+HitF; LLC prefetches excluded)">
		<event alias="a">OFFCORE_RESPONSE:request=ALL_READS:response=LLC_MISS.REMOTE_HITM</event>
		<event alias="b">OFFCORE_RESPONSE:request=ALL_READS:response=LLC_MISS.REMOTE_HIT_FORWARD</event>
		<event alias="c">OFFCORE_RESPONSE:request=ALL_READS:response=LLC_MISS.ANY_RESPONSE</event>
		<formula>100*(a+b)/c</formula>
	</metric>

    <metric name="metric_uncore frequency GHz">
        <event alias="a">UNC_C_CLOCKTICKS</event>
        <constant alias="b">system.sockets[0].cores.count</constant>
        <!--constant alias="c">system.sockets[1].cores.count</constant-->
        <formula>a/(b)/1000000000</formula>
        <formula socket="0">a[0]/b/1000000000</formula>
        <!--formula socket="1">a[1]/c/1000000000</formula-->
    </metric>

    <metric name="metric_QPI speed - GT/s">
        <event alias="a">UNC_Q_CLOCKTICKS</event>
        <formula>a/8*8/1000000000</formula>
        <formula socket="0">a[0]/4*8/1000000000</formula>
        <!--formula socket="1">a[1]/4*8/1000000000</formula-->
    </metric>

    <metric name="metric_QPI Data transmit BW (MB/sec) (only data)">
        <event alias="a">UNC_Q_TxL_FLITS_G0.DATA</event>
        <formula>a*8/1000000</formula>
    </metric>

    <metric name="metric_QPI total transmit BW (MB/sec) (includes control)">
        <event alias="a">UNC_Q_TxL_FLITS_G0.DATA</event>
        <event alias="b">UNC_Q_TxL_FLITS_G0.NON_DATA</event>
        <formula>(a+b)*8/1000000</formula>
    </metric>

    <metric name="metric_QPI Transmit utilization_% (includes control)">
        <event alias="a">UNC_Q_CLOCKTICKS</event>
        <event alias="b">UNC_Q_TxL_FLITS_G0.DATA</event>
        <event alias="c">UNC_Q_TxL_FLITS_G0.NON_DATA</event>
        <formula>100*(b+c)/a</formula>
    </metric>

    <metric name="metric_QPI % cycles transmit link is half-width (L0p)">
        <event alias="a">UNC_Q_TxL0P_POWER_CYCLES</event>
        <event alias="b">UNC_Q_CLOCKTICKS</event>
        <formula>100*(a/b)</formula>
    </metric>

    <metric name="metric_QPI % cycles receive link is half-width (L0p)">
        <event alias="a">UNC_Q_RxL0P_POWER_CYCLES</event>
        <event alias="b">UNC_Q_CLOCKTICKS</event>
        <formula>100*(a/b)</formula>
    </metric>

    <metric name="metric_QPI % cycles receive link is in L0s sleep state">
        <event alias="a">UNC_Q_RxL0S_POWER_CYCLES</event>
        <event alias="b">UNC_Q_CLOCKTICKS</event>
        <formula>100*(a/b)</formula>
    </metric>

    <metric name="metric_QPI % cycles transmit link is in L0s sleep state">
        <event alias="a">UNC_Q_TxL0S_POWER_CYCLES</event>
        <event alias="b">UNC_Q_CLOCKTICKS</event>
        <formula>100*(a/b)</formula>
    </metric>


    <metric name="metric_HA - Reads vs. all requests">
      <event alias="a">UNC_H_REQUESTS.READS</event>
      <event alias="b">UNC_H_REQUESTS.WRITES</event>
      <formula>a/(a+b)</formula>
    </metric>

    <metric name="metric_HA - Writes vs. all requests">
      <event alias="a">UNC_H_REQUESTS.READS</event>
      <event alias="b">UNC_H_REQUESTS.WRITES</event>
      <formula>b/(a+b)</formula>
    </metric>

    <metric name="metric_HA % of all reads that are local">
      <event alias="a">UNC_H_REQUESTS.READS_LOCAL</event>
      <event alias="b">UNC_H_REQUESTS.READS</event>
      <formula>100*a/b</formula>
    </metric>

    <metric name="metric_HA % of all writes that are local">
      <event alias="a">UNC_H_REQUESTS.WRITES_LOCAL</event>
      <event alias="b">UNC_H_REQUESTS.WRITES</event>
      <formula>100*a/b</formula>
    </metric>

    <metric name="metric_HA HitM transfers per instr">
        <throughput-metric-name>metric_HA HitM transfers per txn</throughput-metric-name>
      <event alias="a">UNC_H_SNOOP_RESP.RSP_FWD_WB</event>
      <event alias="b">UNC_H_SNOOP_RESP.RSPIFWD</event>
		<event alias="c">INST_RETIRED.ANY</event>
		<formula>(a+b)/c</formula>
    </metric>

    <metric name="metric_HA Hit transfers per instr">
        <throughput-metric-name>metric_HA Hit transfers per txn</throughput-metric-name>
      <event alias="a">UNC_H_SNOOP_RESP.RSPSFWD</event>
		<event alias="b">INST_RETIRED.ANY</event>
		<formula>a/b</formula>
    </metric>

    <metric name="metric_HA conflict responses per instr">
        <throughput-metric-name>metric_HA conflict responses per txn</throughput-metric-name>
      <event alias="a">UNC_H_SNOOP_RESP.RSPCNFLCT</event>
		<event alias="b">INST_RETIRED.ANY</event>
		<formula>a/b</formula>
    </metric>

    <metric name="metric_HA directory lookups that spawned a snoop (per instr)">
        <throughput-metric-name>metric_HA directory lookups that spawned a snoop (per txn)</throughput-metric-name>
      <event alias="a">UNC_H_DIRECTORY_LOOKUP.SNP</event>
		<event alias="b">INST_RETIRED.ANY</event>
		<formula>a/b</formula>
    </metric>

    <metric name="metric_HA directory lookups that did not spawn a snoop (per instr)">
        <throughput-metric-name>metric_HA directory lookups that did not spawn a snoop (per txn)</throughput-metric-name>
      <event alias="a">UNC_H_DIRECTORY_LOOKUP.NO_SNP</event>
		<event alias="b">INST_RETIRED.ANY</event>
		<formula>a/b</formula>
    </metric>

    <metric name="metric_HA directory updates to A or S state (per instr)">
        <throughput-metric-name>metric_HA directory updates to A or S state (per txn)</throughput-metric-name>
      <event alias="a">UNC_H_DIRECTORY_UPDATE.SET</event>
		<event alias="b">INST_RETIRED.ANY</event>
		<formula>a/b</formula>
    </metric>

    <metric name="metric_HA directory updates to I state (per instr)">
        <throughput-metric-name>metric_HA directory updates to I state (per txn)</throughput-metric-name>
      <event alias="a">UNC_H_DIRECTORY_UPDATE.CLEAR</event>
		<event alias="b">INST_RETIRED.ANY</event>
		<formula>a/b</formula>
    </metric>
    
    <metric name="metric_HA_HitME_cache_Lookup_allocations_RspFwdI_RspFwdS_per_instr">
        <throughput-metric-name>metric_HA_HitME_cache_Lookup_allocations_RspFwdI_RspFwdS_per_txn</throughput-metric-name>
      <event alias="a">UNC_H_HITME_LOOKUP.ALLOCS</event>
		<event alias="b">INST_RETIRED.ANY</event>
		<formula>a/b</formula>
    </metric>

    <metric name="metric_HA_HitME_cache_Hits_RspFwdI_RspFwdS_per_instr">
        <throughput-metric-name>metric_HA_HitME_cache_Hits_RspFwdI_RspFwdS_per_txn</throughput-metric-name>
      <event alias="a">UNC_H_HITME_HIT.ALLOCS</event>
		<event alias="b">INST_RETIRED.ANY</event>
		<formula>a/b</formula>
    </metric>

    <metric name="metric_HA_HitME_cache_% hit_rate">
      <event alias="a">UNC_H_HITME_HIT.READ_OR_INVITOE</event>
      <event alias="b">UNC_H_HITME_LOOKUP.ALLOCS</event> 
      <event alias="c">UNC_H_HITME_HIT.INVALS</event> 
      <formula>100*a/(b-c)</formula>
    </metric>

    <metric name="metric_HA_HitME_cache_lookup_RspFwdI_local per instr">
        <throughput-metric-name>metric_HA_HitME_cache_lookup_RspFwdI_local per txn</throughput-metric-name>
      <event alias="a">UNC_H_HITME_LOOKUP.RSPFWDI_LOCAL</event>
		<event alias="b">INST_RETIRED.ANY</event>
		<formula>a/b</formula>
    </metric>

    <metric name="metric_HA_HitME_cache_lookup_RspFwdI_remote per instr">
        <throughput-metric-name>metric_HA_HitME_cache_lookup_RspFwdI_remote per txn</throughput-metric-name>
      <event alias="a">UNC_H_HITME_LOOKUP.RSPFWDI_REMOTE</event>
		<event alias="b">INST_RETIRED.ANY</event>
		<formula>a/b</formula>
    </metric>

    <metric name="metric_HA_HitME_cache_lookup_RspFwdS per instr">
        <throughput-metric-name>metric_HA_HitME_cache_lookup_RspFwdS per txn</throughput-metric-name>
      <event alias="a">UNC_H_HITME_LOOKUP.RSPFWDS</event>
		<event alias="b">INST_RETIRED.ANY</event>
		<formula>a/b</formula>
    </metric>

    <metric name="metric_HA_HitME_cache_lookup_any_Rsp per instr">
        <throughput-metric-name>metric_HA_HitME_cache_lookup_any_Rsp per txn</throughput-metric-name>
      <event alias="a">UNC_H_HITME_LOOKUP.RSP</event>
		<event alias="b">INST_RETIRED.ANY</event>
		<formula>a/b</formula>
    </metric>

    <metric name="metric_HA_HitME_cache_hit_invalidates per instr">
        <throughput-metric-name>metric_HA_HitME_cache_hit_invalidates per txn</throughput-metric-name>
      <event alias="a">UNC_H_HITME_HIT.INVALS</event>
		<event alias="b">INST_RETIRED.ANY</event>
		<formula>a/b</formula>
    </metric>

    <metric name="metric_DDR data rate (MT/sec)">
        <event alias="a">UNC_M_CLOCKTICKS</event>
        <constant alias="b"> system.sockets.count </constant>
        <!-- Assumed 4 memory channels populated in each socket -->
        <formula>2*a/(b*4)/1000000</formula>
    </metric>

    <metric name="metric_memory bandwidth read (MB/sec)">
        <event alias="a">UNC_M_CAS_COUNT.RD</event>
        <formula>a*64/1000000</formula>
    </metric>

    <metric name="metric_memory bandwidth write (MB/sec)">
        <event alias="a">UNC_M_CAS_COUNT.WR</event>
        <formula>a*64/1000000</formula>
    </metric>

    <metric name="metric_memory bandwidth total (MB/sec)">
        <event alias="a">UNC_M_CAS_COUNT.RD</event>
        <event alias="b">UNC_M_CAS_COUNT.WR</event>
        <formula>(a+b)*64/1000000</formula>
    </metric>

    <metric name="metric_IO_bandwidth_disk_or_network_writes (MB/sec)">
        <event alias="a">UNC_C_TOR_INSERTS.OPCODE:opc=0x19e</event>
        <formula>a*64/1000000</formula>
    </metric>

    <metric name="metric_IO_bandwidth_disk_or_network_reads (MB/sec)">
        <event alias="a">UNC_C_TOR_INSERTS.OPCODE:opc=0x1c8:tid=0x3e</event>
        <formula>a*64/1000000</formula>
    </metric>

    <metric name="metric_IO_number of partial PCI writes per sec">
        <event alias="a">UNC_C_TOR_INSERTS.OPCODE:opc=0x180:tid=0x3e</event>
        <!-- +0 is added to work-around a bug -->
        <formula>a+0</formula>
    </metric>

    <metric name="metric_IO_write cache miss(disk/network reads) bandwidth (MB/sec)">
        <event alias="a">UNC_C_TOR_INSERTS.MISS_OPCODE:opc=0x1c8:tid=0x3e</event>
        <formula>a*64/1000000</formula>
    </metric>

    <metric name="metric_IO_read cache miss(disk/network writes) bandwidth (MB/sec)">
        <event alias="a">UNC_C_TOR_INSERTS.MISS_OPCODE:opc=0x19e</event>
        <formula>a*64/1000000</formula>
    </metric>

    <metric name="metric_MMIO reads per sec">
        <event alias="a">UNC_C_TOR_INSERTS.MISS_OPCODE:opc=0x187:nc=1</event>
        <formula>a+0</formula>
    </metric>

    <metric name="metric_MMIO writes per sec">
        <event alias="a">UNC_C_TOR_INSERTS.MISS_OPCODE:opc=0x18f:nc=1</event>
        <formula>a+0</formula>
    </metric>

    <metric name="metric_memory reads vs. all requests">
        <event alias="a">UNC_M_CAS_COUNT.RD</event>
        <event alias="b">UNC_M_CAS_COUNT.WR</event>
        <formula>a/(a+b)</formula>
    </metric>

    <metric name="metric_memory Page Empty vs. all requests">
        <event alias="a">UNC_M_ACT_COUNT.RD:u0x3</event>
        <event alias="b">UNC_M_PRE_COUNT.PAGE_MISS</event>
        <event alias="c">UNC_M_CAS_COUNT.RD</event>
        <event alias="d">UNC_M_CAS_COUNT.WR</event>
        <formula>(a-b)/(c+d)</formula>
    </metric>

    <metric name="metric_memory Page Misses vs. all requests">
        <event alias="b">UNC_M_PRE_COUNT.PAGE_MISS</event>
        <event alias="c">UNC_M_CAS_COUNT.RD</event>
        <event alias="d">UNC_M_CAS_COUNT.WR</event>
        <formula>b/(c+d)</formula>
    </metric>

    <metric name="metric_memory Page Hits vs. all requests">
        <event alias="a">UNC_M_ACT_COUNT.RD:u0x3</event>
        <event alias="c">UNC_M_CAS_COUNT.RD</event>
        <event alias="d">UNC_M_CAS_COUNT.WR</event>
        <formula>1-a/(c+d)</formula>
    </metric>

    <metric name="metric_memory % Cycles where all DRAM ranks are in PPD mode">
        <event alias="a">UNC_M_POWER_CHANNEL_PPD</event>
        <event alias="b">UNC_M_CLOCKTICKS</event>
        <formula>100*a/b</formula>
    </metric>

    <metric name="metric_memory % Cycles all ranks in critical thermal throttle">
        <event alias="a">UNC_M_POWER_CRITICAL_THROTTLE_CYCLES</event>
        <event alias="b">UNC_M_CLOCKTICKS</event>
        <formula>100*a/b</formula>
    </metric>

    <metric name="metric_memory % Cycles Memory is in self refresh power mode">
        <event alias="a">UNC_M_POWER_SELF_REFRESH</event>
        <event alias="b">UNC_M_CLOCKTICKS</event>
        <formula>100*a/b</formula>
    </metric>

    	<metric name="metric_ItoM operations (fast strings) that reference LLC per instr">
        <throughput-metric-name>metric_ItoM operations (fast strings) that reference LLC per txn</throughput-metric-name>
		<event alias="a">UNC_C_TOR_INSERTS.OPCODE:opc=0x1c8</event>
		<event alias="b">UNC_C_TOR_INSERTS.OPCODE:opc=0x1c8:tid=0x3e</event>
		<event alias="c">INST_RETIRED.ANY</event>
		<formula>(a-b)/c</formula>
	</metric>
		
	<metric name="metric_ItoM operations (fast strings) that miss LLC per instr">
        <throughput-metric-name>metric_ItoM operations (fast strings) that miss LLC per txn</throughput-metric-name>
		<event alias="a">UNC_C_TOR_INSERTS.MISS_OPCODE:opc=0x1c8</event>
		<event alias="b">UNC_C_TOR_INSERTS.MISS_OPCODE:opc=0x1c8:tid=0x3e</event>
		<event alias="c">INST_RETIRED.ANY</event>
		<formula>(a-b)/c</formula>
	</metric>
		
	<metric name="metric_Topdown Frontend bound (%)">
		<event alias="a">IDQ_UOPS_NOT_DELIVERED.CORE</event>
		<event alias="b">CPU_CLK_UNHALTED.THREAD</event>
		<formula>100*a/(4*b)</formula>
	</metric>

    <metric name="metric_Topdown Retiring (%)">
        <event alias="a">UOPS_RETIRED.RETIRE_SLOTS</event>
        <event alias="b">CPU_CLK_UNHALTED.THREAD</event>
      <formula>100*a/(4*b)</formula>
    </metric>

    <metric name="metric_Topdown Bad speculation (%)">
        <event alias="a">UOPS_ISSUED.ANY</event>
        <event alias="b">UOPS_RETIRED.RETIRE_SLOTS</event>
        <event alias="c">INT_MISC.RECOVERY_CYCLES</event>
        <event alias="d">CPU_CLK_UNHALTED.THREAD</event>
        <formula>100*(a-b+(4*c))/(4*d)</formula>
    </metric>

	<metric name="metric_Topdown Backend bound (%)">
		<event alias="a">IDQ_UOPS_NOT_DELIVERED.CORE</event>
    <event alias="b">UOPS_ISSUED.ANY</event>
    <event alias="c">INT_MISC.RECOVERY_CYCLES</event>
		<event alias="d">CPU_CLK_UNHALTED.THREAD</event>
		<formula>100-(100*(a+b+4*c)/(4*d))</formula>
	</metric>

   <metric name="metric_% cycles RS is empty">
        <event alias="a">RS_EVENTS.EMPTY_CYCLES</event>
        <event alias="b">CPU_CLK_UNHALTED.THREAD</event>
        <formula>100*(a/b)</formula>
    </metric>

   <metric name="metric_average number of cycles RS remains empty before transitioning to non-empty">
        <event alias="a">RS_EVENTS.EMPTY_CYCLES</event>
        <event alias="b">RS_EVENTS.EMPTY_CYCLES:c1:i1:e1</event>
        <formula>a/b</formula>
    </metric>

   <metric name="metric_% cycles code fetch is stalled due to icache or itlb miss">
        <event alias="a">ICACHE.IFETCH_STALL</event>
        <event alias="b">CPU_CLK_UNHALTED.THREAD</event>
        <formula>100*(a/b)</formula>
    </metric>

    <metric name="metric_% cycles FE is delivering 0 uop per cycle when not Backend-bound">
        <event alias="a">IDQ_UOPS_NOT_DELIVERED.CYCLES_0_UOPS_DELIV.CORE</event>
        <event alias="b">CPU_CLK_UNHALTED.THREAD</event>
        <formula>100*a/b</formula>
    </metric>

    <metric name="metric_% cycles FE is delivering only 1 uop per cycle when not Backend-bound">
        <event alias="a">IDQ_UOPS_NOT_DELIVERED.CYCLES_LE_1_UOP_DELIV.CORE</event>
        <event alias="b">IDQ_UOPS_NOT_DELIVERED.CYCLES_0_UOPS_DELIV.CORE</event>
        <event alias="c">CPU_CLK_UNHALTED.THREAD</event>
        <formula>100*(a-b)/c</formula>
    </metric>

    <metric name="metric_% cycles FE is delivering only 2 uops per cycle when not Backend-bound">
        <event alias="a">IDQ_UOPS_NOT_DELIVERED.CYCLES_LE_2_UOP_DELIV.CORE</event>
        <event alias="b">IDQ_UOPS_NOT_DELIVERED.CYCLES_LE_1_UOP_DELIV.CORE</event>
        <event alias="c">CPU_CLK_UNHALTED.THREAD</event>
        <formula>100*(a-b)/c</formula>
    </metric>

    <metric name="metric_% cycles FE is delivering only 3 uops per cycle when not Backend-bound">
        <event alias="a">IDQ_UOPS_NOT_DELIVERED.CYCLES_LE_3_UOP_DELIV.CORE</event>
        <event alias="b">IDQ_UOPS_NOT_DELIVERED.CYCLES_LE_2_UOP_DELIV.CORE</event>
        <event alias="c">CPU_CLK_UNHALTED.THREAD</event>
        <formula>100*(a-b)/c</formula>
    </metric>

    <metric name="metric_% cycles when only zero uop is issued">
        <event alias="a">UOPS_ISSUED.ANY:c1</event>
        <event alias="c">CPU_CLK_UNHALTED.THREAD</event>
        <formula>100*(c-a)/c</formula>
    </metric>

    <metric name="metric_% cycles when only one uop is issued">
        <event alias="a">UOPS_ISSUED.ANY:c1</event>
        <event alias="b">UOPS_ISSUED.ANY:c2</event>
        <event alias="c">CPU_CLK_UNHALTED.THREAD</event>
        <formula>100*(a-b)/c</formula>
    </metric>

    <metric name="metric_% cycles when only 2 uops are issued">
        <event alias="a">UOPS_ISSUED.ANY:c2</event>
        <event alias="b">UOPS_ISSUED.ANY:c3</event>
        <event alias="c">CPU_CLK_UNHALTED.THREAD</event>
        <formula>100*(a-b)/c</formula>
    </metric>

    <metric name="metric_% cycles when only 3 uops are issued">
        <event alias="a">UOPS_ISSUED.ANY:c3</event>
        <event alias="b">UOPS_ISSUED.ANY:c4</event>
        <event alias="c">CPU_CLK_UNHALTED.THREAD</event>
        <formula>100*(a-b)/c</formula>
    </metric>

    <metric name="metric_% cycles when 4 uops are issued">
        <event alias="a">UOPS_ISSUED.ANY:c4</event>
        <event alias="b">CPU_CLK_UNHALTED.THREAD</event>
        <formula>(100*a)/b</formula>
    </metric>

    <metric name="metric_% cycles UOPS executed on one port">
        <event alias="a">UOPS_EXECUTED.CYCLES_GE_1_UOP_EXEC</event>
        <event alias="b">UOPS_EXECUTED.CYCLES_GE_2_UOPS_EXEC</event>
        <event alias="c">CPU_CLK_UNHALTED.THREAD</event>
        <formula>100*(a-b)/c</formula>
    </metric>

    <metric name="metric_% cycles UOPS executed on 2 ports">
        <event alias="a">UOPS_EXECUTED.CYCLES_GE_2_UOPS_EXEC</event>
        <event alias="b">UOPS_EXECUTED.CYCLES_GE_3_UOPS_EXEC</event>
        <event alias="c">CPU_CLK_UNHALTED.THREAD</event>
        <formula>100*(a-b)/c</formula>
    </metric>

    <metric name="metric_% cycles UOPS executed on 3 ports">
        <event alias="a">UOPS_EXECUTED.CYCLES_GE_3_UOPS_EXEC</event>
        <event alias="b">UOPS_EXECUTED.CYCLES_GE_4_UOPS_EXEC</event>
        <event alias="c">CPU_CLK_UNHALTED.THREAD</event>
        <formula>100*(a-b)/c</formula>
    </metric>

    <metric name="metric_% cycles UOPS executed on 4 or more ports">
        <event alias="a">UOPS_EXECUTED.CYCLES_GE_4_UOPS_EXEC</event>
        <event alias="c">CPU_CLK_UNHALTED.THREAD</event>
        <formula>100*a/c</formula>
    </metric>

    <metric name="metric_% cycles when only zero uop is retired">
        <event alias="a">UOPS_RETIRED.ALL:c1</event>
        <event alias="c">CPU_CLK_UNHALTED.THREAD</event>
        <formula>100*(c-a)/c</formula>
    </metric>

    <metric name="metric_% cycles when only one uop is retired">
        <event alias="a">UOPS_RETIRED.ALL:c1</event>
        <event alias="b">UOPS_RETIRED.ALL:c2</event>
        <event alias="c">CPU_CLK_UNHALTED.THREAD</event>
        <formula>100*(a-b)/c</formula>
    </metric>
    <metric name="metric_% cycles when only 2 uops are retired">
        <event alias="a">UOPS_RETIRED.ALL:c2</event>
        <event alias="b">UOPS_RETIRED.ALL:c3</event>
        <event alias="c">CPU_CLK_UNHALTED.THREAD</event>
        <formula>100*(a-b)/c</formula>
    </metric>

    <metric name="metric_% cycles when only 3 uops are retired">
        <event alias="a">UOPS_RETIRED.ALL:c3</event>
        <event alias="b">UOPS_RETIRED.ALL:c4</event>
        <event alias="c">CPU_CLK_UNHALTED.THREAD</event>
        <formula>100*(a-b)/c</formula>
    </metric>

    <metric name="metric_% cycles when 4 or more uops are retired">
        <event alias="a">UOPS_RETIRED.ALL:c4</event>
        <event alias="b">CPU_CLK_UNHALTED.THREAD</event>
        <formula>(100*a)/b</formula>
    </metric>

    <metric name="metric_% Uops delivered from decoded Icache (DSB)">
        <event alias="a">IDQ.DSB_UOPS</event>
        <event alias="b">UOPS_ISSUED.ANY</event>
        <formula>100*(a/b)</formula>
    </metric>

    <metric name="metric_% Uops delivered from legacy decode pipeline (MITE)">
        <event alias="a">IDQ.MITE_UOPS</event>
        <event alias="b">UOPS_ISSUED.ANY</event>
        <formula>100*(a/b)</formula>
    </metric>

    <metric name="metric_% Uops delivered from microcode sequencer (MS)">
        <event alias="a">IDQ.MS_UOPS</event>
        <event alias="b">UOPS_ISSUED.ANY</event>
        <formula>100*(a/b)</formula>
    </metric>

    <metric name="metric_% Uops delivered from loop stream detector (LSD)">
        <event alias="a">IDQ.MITE_UOPS</event>
        <event alias="b">IDQ.MS_UOPS</event>
        <event alias="c">IDQ.DSB_UOPS</event>
        <event alias="d">UOPS_ISSUED.ANY</event>
        <formula>100*(d-a-b-c)/d</formula>
    </metric>

    <metric name="metric_% cycles spent in resource stalls">
        <event alias="a">RESOURCE_STALLS.ANY</event>
        <event alias="b">CPU_CLK_UNHALTED.THREAD</event>
        <formula>100*(a/b)</formula>
    </metric>

	
	<metric name="metric_DRAM power (watts)">
		<event alias="a">FREERUN_DRAM_ENERGY_STATUS</event>
		<formula>a*15.3/1000000</formula>
	</metric>

	<metric name="metric_package power (watts)">
		<event alias="a">FREERUN_PKG_ENERGY_STATUS</event>
		<formula>a*61/1000000</formula>
	</metric>


</root>